,,,,,,z|x,,,,,,,,Ay,Gz,Ay_
1,0.2,-0.9,0.4,10.3,1.03,0.447213595,,-2.3,1.4,-0.8,2.8,,1,0.9,-0.8,-12
2,0.2,-0.9,0.4,10.3,1.03,0.447213595,,-1.9,5.4,-2.2,6.2,,2,0.9,-2.2,-12
3,0.2,-0.9,0.4,10.2,1.02,0.447213595,,-2.2,4.4,-2.5,5.5,,3,0.9,-2.5,-12
4,0.2,-0.9,0.4,10.3,1.03,0.447213595,,-2.5,-0.8,-1.2,2.9,,4,0.9,-1.2,-12
5,0.2,-0.9,0.4,10.3,1.03,0.447213595,,-2.2,-2.3,0.2,3.2,,5,0.9,0.2,-12
6,0.2,-0.9,0.4,10.4,1.04,0.447213595,,-1.4,-2.2,2.4,3.5,,6,0.9,2.4,-12
7,0.2,-0.9,0.4,10.3,1.03,0.447213595,,-0.9,-1.8,0.4,2,,7,0.9,0.4,-12
8,0.2,-0.9,0.4,10.1,1.01,0.447213595,,-4.5,1.8,0.9,4.9,,8,0.9,0.9,-12
9,0.2,-0.9,0.4,10.3,1.03,0.447213595,,-8.3,1.9,1.5,8.6,,9,0.9,1.5,-12
10,0.2,-0.9,0.4,10.3,1.03,0.447213595,,-15.3,7.8,-0.8,17.2,,10,0.9,-0.8,-12
11,0.2,-0.9,0.4,9.9,0.99,0.447213595,,-15.3,29,-7.8,33.7,,11,0.9,-7.8,-12
12,0.2,-1,0.4,10.5,1.05,0.447213595,,-4.8,23.3,-0.7,23.8,,12,1,-0.7,18
13,0.2,-1,0.3,10.6,1.06,0.360555128,,-0.3,8,5.5,9.7,,13,1,5.5,18
14,0.2,-1,0.3,10.3,1.03,0.360555128,,5.2,12.3,-1.4,13.4,,14,1,-1.4,18
15,0.2,-1,0.4,10.6,1.06,0.447213595,,10,21.4,-3.3,23.8,,15,1,-3.3,18
16,0.1,-1,0.4,11.1,1.11,0.412310563,,4.6,-1.6,1.6,5.1,,16,1,1.6,18
17,0.1,-0.9,0.4,9.5,0.95,0.412310563,,14.7,34.4,-16.1,40.7,,17,0.9,-16.1,-12
18,0.1,-0.9,0.4,9.8,0.98,0.412310563,,9,4.3,1.4,10.1,,18,0.9,1.4,-12
19,0.1,-0.9,0.4,10.2,1.02,0.412310563,,-5.9,7.6,7.9,12.4,,19,0.9,7.9,-12
20,0.1,-0.9,0.5,10.5,1.05,0.509901951,,-11.3,-0.9,11.1,15.9,,20,0.9,11.1,-12
21,0.1,-0.9,0.5,10.5,1.05,0.509901951,,-10.7,-8.6,9.6,16.8,,21,0.9,9.6,-12
22,0.1,-0.9,0.5,10,1,0.509901951,,-12,0.3,9,15,,22,0.9,9,-12
23,0.1,-0.8,0.4,9.5,0.95,0.412310563,,-17.2,2.7,5.8,18.4,,23,0.8,5.8,-42
24,0.2,-1,0.4,11.1,1.11,0.447213595,,-28.5,15.7,5.1,32.9,,24,1,5.1,18
25,0.2,-1,0.4,10.6,1.06,0.447213595,,-20.5,16.6,-9.3,28,,25,1,-9.3,18
26,0.2,-0.9,0.4,10.2,1.02,0.447213595,,-7.1,48.1,-30.8,57.6,,26,0.9,-30.8,-12
27,0.2,-1,0.4,11.1,1.11,0.447213595,,3.8,87.6,-35,94.5,,27,1,-35,18
28,0.2,-1.1,0.4,12.2,1.22,0.447213595,,26.6,65.4,-43.3,82.9,,28,1.1,-43.3,48
29,0.2,-1,0.4,10.4,1.04,0.447213595,,46.1,-34.7,-43.7,72.4,,29,1,-43.7,18
30,0.2,-0.9,0.3,10,1,0.360555128,,34.9,-32.1,-25.5,53.8,,30,0.9,-25.5,-12
31,0.2,-0.9,0.3,9.6,0.96,0.360555128,,10.2,-11.9,7.7,17.4,,31,0.9,7.7,-12
32,0.2,-1.1,0.4,11.4,1.14,0.447213595,,-1.4,-6.3,44.7,45.2,,32,1.1,44.7,48
33,0.2,-1,0.4,10.9,1.09,0.447213595,,-15.3,-25,61.4,68,,33,1,61.4,18
34,0.1,-0.9,0.3,9.8,0.98,0.316227766,,-8.8,-66.8,56.9,88.2,,34,0.9,56.9,-12
35,0.1,-1,0.4,10.7,1.07,0.412310563,,-10.1,-73.9,70.4,102.6,,35,1,70.4,18
36,0.1,-1,0.4,10.5,1.05,0.412310563,,-7.2,-58,53.1,78.9,,36,1,53.1,18
37,0.1,-0.9,0.5,9.9,0.99,0.509901951,,-22.4,-17.4,45.2,53.4,,37,0.9,45.2,-12
38,0.1,-0.9,0.5,10.1,1.01,0.509901951,,-19.1,-1.4,22.2,29.4,,38,0.9,22.2,-12
39,0.1,-0.8,0.4,9.2,0.92,0.412310563,,-10.8,10.9,-8.6,17.6,,39,0.8,-8.6,-42
40,0.1,-0.8,0.4,9.5,0.95,0.412310563,,-7.5,15.4,-24.7,30.1,,40,0.8,-24.7,-42
41,0.1,-1,0.4,10.8,1.08,0.412310563,,7.9,8.9,-38.4,40.2,,41,1,-38.4,18
42,0.2,-1,0.4,10.4,1.04,0.447213595,,9.8,42.9,-43.1,61.6,,42,1,-43.1,18
43,0.2,-1.2,0.4,12.3,1.23,0.447213595,,31.1,35.3,-56.7,73.7,,43,1.2,-56.7,78
44,0.1,-1.1,0.4,11.5,1.15,0.412310563,,50.2,11.6,-91.2,104.8,,44,1.1,-91.2,48
45,0.2,-1,0.4,11,1.1,0.447213595,,45.5,12.4,-76.3,89.7,,45,1,-76.3,18
46,0.2,-0.8,0.3,8.8,0.88,0.360555128,,23.2,-4.5,-37.9,44.7,,46,0.8,-37.9,-42
47,0.3,-0.8,0.3,8.6,0.86,0.424264069,,-13.7,-0.8,13,18.9,,47,0.8,13,-42
48,0.3,-0.9,0.3,9.8,0.98,0.424264069,,-43.6,5.5,62.9,76.8,,48,0.9,62.9,-12
49,0.2,-1.1,0.4,11.7,1.17,0.447213595,,-42.1,-8.8,84.3,94.7,,49,1.1,84.3,48
50,0.2,-1.2,0.4,12.2,1.22,0.447213595,,-37,-90.2,81.2,126.9,,50,1.2,81.2,78
51,0.2,-0.9,0.4,10.1,1.01,0.447213595,,-6.2,-73.7,52.1,90.5,,51,0.9,52.1,-12
52,0.1,-1,0.4,10.7,1.07,0.412310563,,4.8,-60.2,55.5,82,,52,1,55.5,18
53,0.1,-0.9,0.4,10.5,1.05,0.412310563,,-2.4,-41.4,52.5,66.9,,53,0.9,52.5,-12
54,0.1,-0.8,0.5,9.4,0.94,0.509901951,,-13.3,9.3,40.7,43.8,,54,0.8,40.7,-42
55,0.1,-0.8,0.5,9.7,0.97,0.509901951,,-11.1,14.3,15.1,23.6,,55,0.8,15.1,-42
56,0.1,-0.8,0.4,9.3,0.93,0.412310563,,-6.4,21.2,-18.1,28.6,,56,0.8,-18.1,-42
57,0.2,-1,0.4,11.2,1.12,0.447213595,,-7.2,67.8,-36.5,77.3,,57,1,-36.5,18
58,0.2,-1.1,0.3,11.7,1.17,0.360555128,,40.5,43.6,-84.7,103.5,,58,1.1,-84.7,48
59,0.2,-1.2,0.3,12.5,1.25,0.360555128,,55.2,40.7,-116.3,135,,59,1.2,-116.3,78
60,0.2,-1.1,0.4,11.8,1.18,0.447213595,,56.6,13.3,-125.8,138.6,,60,1.1,-125.8,48
61,0.3,-0.9,0.3,9.8,0.98,0.424264069,,35.8,7,-95.4,102.1,,61,0.9,-95.4,-12
62,0.3,-0.7,0.3,8.6,0.86,0.424264069,,3.7,21.4,-48.7,53.3,,62,0.7,-48.7,-72
63,0.3,-0.8,0.3,8.9,0.89,0.424264069,,-31.5,18.4,14.5,39.3,,63,0.8,14.5,-42
64,0.3,-0.8,0.4,9.9,0.99,0.5,,-50.5,7,58.8,77.8,,64,0.8,58.8,-42
65,0.3,-1,0.5,11.4,1.14,0.583095189,,-46.8,-19.2,87.2,100.8,,65,1,87.2,18
66,0.4,-1,0.5,12.3,1.23,0.640312424,,-15.5,-56.8,88.7,106.5,,66,1,88.7,18
67,0.3,-1,0.5,11.2,1.12,0.583095189,,-16.9,-58.6,84.4,104.2,,67,1,84.4,18
68,0.2,-1,0.4,10.6,1.06,0.447213595,,-6.6,-21.8,59.5,63.7,,68,1,59.5,18
69,0.1,-1,0.4,10.7,1.07,0.412310563,,-2.8,-35.6,54.8,65.4,,69,1,54.8,18
70,0.1,-0.8,0.4,9.4,0.94,0.412310563,,-0.4,-27.8,26.6,38.5,,70,0.8,26.6,-42
71,0.1,-0.9,0.5,10,1,0.509901951,,-15.7,3.5,24.5,29.3,,71,0.9,24.5,-12
72,0.1,-0.9,0.5,10.4,1.04,0.509901951,,-7.5,11.9,10.3,17.4,,72,0.9,10.3,-12
73,0.1,-0.8,0.6,10.2,1.02,0.608276253,,8.8,5.8,-21.4,23.8,,73,0.8,-21.4,-42
74,0.2,-0.9,0.5,10.6,1.06,0.538516481,,10.3,50,-40.2,65,,74,0.9,-40.2,-12
75,0.2,-1,0.4,11,1.1,0.447213595,,25.4,57.7,-62.2,88.6,,75,1,-62.2,18
76,0.1,-1.1,0.4,12,1.2,0.412310563,,37.2,6.4,-78.9,87.4,,76,1.1,-78.9,48
77,0.1,-1,0.4,10.8,1.08,0.412310563,,40.5,-1,-96,104.2,,77,1,-96,18
78,0.1,-1,0.4,10.5,1.05,0.412310563,,25.3,-0.1,-78.6,82.6,,78,1,-78.6,18
79,0.3,-0.8,0.3,8.9,0.89,0.424264069,,0.9,-43.7,-37.1,57.3,,79,0.8,-37.1,-42
80,0.3,-0.8,0.3,9,0.9,0.424264069,,-24.8,-16,6.7,30.3,,80,0.8,6.7,-42
81,0.2,-0.9,0.4,9.7,0.97,0.447213595,,-43.8,-2.5,54.6,70.1,,81,0.9,54.6,-12
82,0.3,-1,0.4,11.3,1.13,0.5,,-54.7,-1.2,94.5,109.2,,82,1,94.5,18
83,0.2,-1.1,0.4,12.1,1.21,0.447213595,,-44.1,-0.7,98.1,107.6,,83,1.1,98.1,48
84,0.2,-1.2,0.4,13,1.3,0.447213595,,-19.4,-22,80.1,85.3,,84,1.2,80.1,78
85,0.2,-1,0.4,10.9,1.09,0.447213595,,6.7,-45.1,47.3,65.7,,85,1,47.3,18
86,0.2,-0.8,0.3,9.3,0.93,0.360555128,,25.9,-39.3,7.8,47.7,,86,0.8,7.8,-42
87,0.1,-0.8,0.5,8.9,0.89,0.509901951,,14.3,27.4,13.3,33.6,,87,0.8,13.3,-42
88,0.1,-0.9,0.5,10.6,1.06,0.509901951,,13.5,-6.4,8.7,17.3,,88,0.9,8.7,-12
89,0.2,-1,0.5,11.2,1.12,0.538516481,,29.6,-25.8,-39.7,55.8,,89,1,-39.7,18
90,0.1,-1,0.5,11.3,1.13,0.509901951,,40.9,1.3,-82,91.6,,90,1,-82,18
91,0.1,-0.9,0.4,10.4,1.04,0.412310563,,36.2,22,-99.1,107.8,,91,0.9,-99.1,-12
92,0.1,-1,0.4,10.6,1.06,0.412310563,,24.5,13.4,-85.3,89.8,,92,1,-85.3,18
93,0.2,-0.9,0.4,9.6,0.96,0.447213595,,10.1,-12.2,-59.7,61.8,,93,0.9,-59.7,-12
94,0.2,-0.7,0.4,8.8,0.88,0.447213595,,-17.3,-7.4,-20,27.5,,94,0.7,-20,-72
95,0.3,-0.8,0.4,9.7,0.97,0.5,,-36.9,6.6,21.9,43.4,,95,0.8,21.9,-42
96,0.2,-0.9,0.4,10.1,1.01,0.447213595,,-47.8,-11,63.1,79.9,,96,0.9,63.1,-12
97,0.3,-1.1,0.4,12.1,1.21,0.5,,-39.7,-3.4,58.5,70.8,,97,1.1,58.5,48
98,0.3,-1,0.4,11.5,1.15,0.5,,-24.3,-27.9,55.6,66.8,,98,1,55.6,18
99,0.2,-1,0.3,10.7,1.07,0.360555128,,-10.9,-21.9,61.5,66.1,,99,1,61.5,18
100,0.2,-1,0.3,10.5,1.05,0.360555128,,-6.9,-27.9,60.1,66.6,,100,1,60.1,18
101,0.2,-0.9,0.4,9.8,0.98,0.447213595,,-10.3,5,36.8,38.6,,101,0.9,36.8,-12
102,0.1,-0.9,0.6,10.6,1.06,0.608276253,,23.6,-17.3,2.4,29.4,,102,0.9,2.4,-12
103,0.2,-0.9,0.5,10.9,1.09,0.538516481,,44.4,-28.7,-14.4,54.8,,103,0.9,-14.4,-12
104,0.2,-1,0.4,11.2,1.12,0.447213595,,41.6,-11.4,-53.7,68.9,,104,1,-53.7,18
105,0.2,-1,0.5,11.4,1.14,0.538516481,,39,4.8,-85.2,93.8,,105,1,-85.2,18
106,0.1,-0.9,0.5,11,1.1,0.509901951,,30.8,-13.9,-85.9,92.3,,106,0.9,-85.9,-12
107,0.1,-0.7,0.5,9.1,0.91,0.509901951,,26.2,-6.6,-82.1,86.4,,107,0.7,-82.1,-72
108,0.2,-0.7,0.6,9.2,0.92,0.632455532,,-6.5,3.6,-38.6,39.3,,108,0.7,-38.6,-72
109,0.2,-0.7,0.5,8.5,0.85,0.538516481,,-37.1,2.3,4.6,37.4,,109,0.7,4.6,-72
110,0.2,-0.9,0.5,10.5,1.05,0.538516481,,-63.5,12.5,58.2,87,,110,0.9,58.2,-12
111,0.3,-1,0.4,11.2,1.12,0.5,,-63.1,-19.6,69.9,96.2,,111,1,69.9,18
112,0.3,-0.9,0.4,10.6,1.06,0.5,,-54,-41.9,72.3,99.5,,112,0.9,72.3,-12
113,0.3,-1,0.4,11.2,1.12,0.5,,-30.8,-43.4,65,84,,113,1,65,18
114,0.2,-1.1,0.4,12.1,1.21,0.447213595,,-17.1,-12.3,53.3,57.3,,114,1.1,53.3,48
115,0.2,-0.9,0.3,10,1,0.360555128,,-3.6,-1.1,23.8,24.1,,115,0.9,23.8,-12
116,0.2,-0.9,0.3,9.6,0.96,0.360555128,,-2.6,23,18.2,29.4,,116,0.9,18.2,-12
117,0.3,-0.9,0.3,9.6,0.96,0.424264069,,-0.1,34.8,5,35.1,,117,0.9,5,-12
118,0.3,-1.1,0.4,12.2,1.22,0.5,,9.4,58.8,-16.4,61.8,,118,1.1,-16.4,48
119,0.2,-1.1,0.4,11.5,1.15,0.447213595,,43.1,8.4,-88.9,99.1,,119,1.1,-88.9,48
120,0.1,-1.1,0.4,11.9,1.19,0.412310563,,67,46.9,-112.8,139.4,,120,1.1,-112.8,48
121,0.1,-1,0.3,11,1.1,0.316227766,,45.3,23.7,-85.2,99.4,,121,1,-85.2,18
122,0.2,-0.9,0.3,10.1,1.01,0.360555128,,26.9,12.9,-71.8,77.8,,122,0.9,-71.8,-12
123,0.1,-0.8,0.3,8.9,0.89,0.316227766,,0.5,1.4,-33.2,33.2,,123,0.8,-33.2,-42
124,0.2,-0.8,0.4,8.7,0.87,0.447213595,,-28.5,-2.9,22.8,36.6,,124,0.8,22.8,-42
125,0.2,-0.9,0.4,10.2,1.02,0.447213595,,-45.7,-43.2,87.9,108.1,,125,0.9,87.9,-12
126,0.2,-1.1,0.4,12.2,1.22,0.447213595,,-59,-37.9,123.4,141.9,,126,1.1,123.4,48
127,0.2,-1,0.3,11.2,1.12,0.360555128,,-29.3,-24.1,89.9,97.6,,127,1,89.9,18
128,0.2,-1.1,0.3,11.4,1.14,0.360555128,,-2.8,-39.8,53,66.3,,128,1.1,53,48
129,0.2,-0.9,0.3,9.9,0.99,0.360555128,,7.7,-40.9,34.2,53.8,,129,0.9,34.2,-12
130,0.2,-0.9,0.3,9.6,0.96,0.360555128,,-2.3,-14.4,24.7,28.7,,130,0.9,24.7,-12
131,0.2,-0.9,0.4,10,1,0.447213595,,-7,5.8,-0.9,9.1,,131,0.9,-0.9,-12
132,0.2,-0.9,0.3,9.5,0.95,0.360555128,,-15.4,30,-27.3,43.3,,132,0.9,-27.3,-12
133,0.2,-1.1,0.3,11.3,1.13,0.360555128,,-4.7,56.5,-39.5,69.1,,133,1.1,-39.5,48
134,0.2,-1.1,0.3,11.4,1.14,0.360555128,,16.5,61.6,-67.4,92.8,,134,1.1,-67.4,48
135,0.1,-1.3,0.4,13.5,1.35,0.412310563,,43,65,-70.4,105,,135,1.3,-70.4,108
136,0.2,-1,0.4,10.4,1.04,0.447213595,,49.3,-58.6,-76.6,108.3,,136,1,-76.6,18
137,0.2,-1,0.3,10.5,1.05,0.360555128,,33.6,37.5,-58.2,77,,137,1,-58.2,18
138,0.2,-0.9,0.3,9.6,0.96,0.360555128,,20.6,15.5,-41.5,48.9,,138,0.9,-41.5,-12
139,0.3,-0.8,0.3,9.2,0.92,0.424264069,,-12.6,20.9,-10.9,26.7,,139,0.8,-10.9,-42
140,0.2,-0.9,0.4,9.6,0.96,0.447213595,,-32.2,26.8,22.2,47.4,,140,0.9,22.2,-12
141,0.2,-0.9,0.4,10.2,1.02,0.447213595,,-37.8,-33.4,60.7,78.9,,141,0.9,60.7,-12
142,0.2,-1,0.4,11.1,1.11,0.447213595,,-39.3,-65,77.6,108.6,,142,1,77.6,18
143,0.2,-1.1,0.4,12.2,1.22,0.447213595,,-41,-43.8,79.6,99.7,,143,1.1,79.6,48
144,0.2,-1,0.3,10.7,1.07,0.360555128,,-16.6,-29.7,55,64.7,,144,1,55,18
145,0.2,-1,0.4,10.3,1.03,0.447213595,,-5.3,-34.2,41.6,54.1,,145,1,41.6,18
146,0.2,-0.9,0.4,9.6,0.96,0.447213595,,1.4,-10.5,22.9,25.2,,146,0.9,22.9,-12
147,0.2,-1,0.3,10.6,1.06,0.360555128,,4.4,19.9,0.5,20.4,,147,1,0.5,18
148,0.2,-1,0.3,10.6,1.06,0.360555128,,12.9,26.6,-43.4,52.5,,148,1,-43.4,18
149,0.2,-1,0.3,10.8,1.08,0.360555128,,24.2,35.6,-73.2,84.9,,149,1,-73.2,18
150,0.1,-1,0.3,10.7,1.07,0.316227766,,32.7,39.4,-70.3,86.9,,150,1,-70.3,18
151,0.1,-1,0.3,11,1.1,0.316227766,,38.2,12,-60.3,72.4,,151,1,-60.3,18
152,0.1,-0.9,0.3,9.7,0.97,0.316227766,,25.5,-24.2,-28.9,45.5,,152,0.9,-28.9,-12
153,0.2,-0.9,0.3,9.4,0.94,0.360555128,,0.3,9.2,-10.8,14.2,,153,0.9,-10.8,-12
154,0.1,-0.9,0.4,10.1,1.01,0.412310563,,-22,3.1,32.5,39.4,,154,0.9,32.5,-12
155,0.2,-0.9,0.4,10.1,1.01,0.447213595,,-24.1,-20.2,46.2,55.9,,155,0.9,46.2,-12
156,0.1,-1.1,0.4,11.3,1.13,0.412310563,,-23.6,-44.1,62.1,79.8,,156,1.1,62.1,48
157,0.2,-1,0.4,11,1.1,0.447213595,,-22.8,-43.1,62.5,79.3,,157,1,62.5,18
158,0.2,-1,0.4,11.2,1.12,0.447213595,,-21,-2.2,55.9,59.8,,158,1,55.9,18
159,0.1,-1,0.5,11,1.1,0.509901951,,0.1,-15.7,25.2,29.7,,159,1,25.2,18
160,0.1,-1,0.4,10.6,1.06,0.412310563,,13.9,3.2,-9.6,17.2,,160,1,-9.6,18
161,0,-0.8,0.4,9.2,0.92,0.4,,11.8,22,-25.2,35.4,,161,0.8,-25.2,-42
162,0.1,-0.8,0.4,8.9,0.89,0.412310563,,2.3,53.2,-18.1,56.3,,162,0.8,-18.1,-42
163,0.2,-0.8,0.5,9.9,0.99,0.538516481,,4,38.6,-19.3,43.4,,163,0.8,-19.3,-42
164,0.3,-1,0.5,11.1,1.11,0.583095189,,3.9,33.9,-27.2,43.7,,164,1,-27.2,18
165,0.3,-1,0.4,11.2,1.12,0.5,,9.7,8.4,-48.7,50.3,,165,1,-48.7,18
166,0.1,-1.1,0.4,12,1.2,0.412310563,,30.5,26.5,-51.8,65.7,,166,1.1,-51.8,48
167,0.1,-1,0.3,10.7,1.07,0.316227766,,27.1,-20.6,-45.6,56.9,,167,1,-45.6,18
168,0.1,-0.9,0.3,9.9,0.99,0.316227766,,23.2,-8.3,-42.3,48.9,,168,0.9,-42.3,-12
169,0.1,-1,0.3,10.4,1.04,0.316227766,,11.1,-10.8,-7.7,17.3,,169,1,-7.7,18
170,0.2,-0.8,0.3,9,0.9,0.360555128,,-2.3,-25.9,17.4,31.3,,170,0.8,17.4,-42
171,0.2,-0.9,0.4,10.3,1.03,0.447213595,,-17.3,-52.4,48.4,73.4,,171,0.9,48.4,-12
172,0.2,-1,0.5,11.4,1.14,0.538516481,,-33.8,-41.9,72.4,90.3,,172,1,72.4,18
173,0.3,-1,0.5,11.6,1.16,0.583095189,,-32.6,-27.2,70.4,82.2,,173,1,70.4,18
174,0.2,-1,0.5,11.6,1.16,0.538516481,,-25.6,11.2,58.3,64.6,,174,1,58.3,18
175,0.1,-1,0.4,10.7,1.07,0.412310563,,-13.2,-10.7,46.4,49.4,,175,1,46.4,18
176,0.1,-0.9,0.5,10,1,0.509901951,,-5.4,6.2,31.6,32.6,,176,0.9,31.6,-12
177,0.2,-0.9,0.5,10,1,0.538516481,,6.8,34.5,1.6,35.2,,177,0.9,1.6,-12
178,0.2,-0.8,0.4,8.9,0.89,0.447213595,,33.1,49.3,-33.3,68.1,,178,0.8,-33.3,-42
179,0.3,-1,0.4,11.1,1.11,0.5,,25,74.3,-39.4,87.7,,179,1,-39.4,18
180,0.2,-1.2,0.4,12.4,1.24,0.447213595,,39.7,46.5,-72.1,94.5,,180,1.2,-72.1,78
181,0.2,-1,0.3,10.7,1.07,0.360555128,,46.3,7.9,-85.7,97.7,,181,1,-85.7,18
182,0.1,-1,0.3,10.7,1.07,0.316227766,,36.1,18.2,-60,72.3,,182,1,-60,18
183,0.1,-0.9,0.3,10,1,0.316227766,,15.8,-13.2,-37.3,42.6,,183,0.9,-37.3,-12
184,0.1,-0.8,0.3,9,0.9,0.316227766,,-4.1,-3.3,-15,15.9,,184,0.8,-15,-42
185,0.1,-0.9,0.4,10,1,0.412310563,,-17.9,-18.4,30.6,39.9,,185,0.9,30.6,-12
186,0.1,-0.9,0.3,9.4,0.94,0.316227766,,-28.3,-38.6,53.3,71.6,,186,0.9,53.3,-12
187,0.1,-1.1,0.3,11.3,1.13,0.316227766,,-38.8,-61.1,73.8,103.3,,187,1.1,73.8,48
188,0.2,-1.1,0.4,11.6,1.16,0.447213595,,-43.3,-56.7,87,112.5,,188,1.1,87,48
189,0.2,-1.1,0.4,11.5,1.15,0.447213595,,-27.4,-61.7,68.8,96.4,,189,1.1,68.8,48
190,0.1,-1,0.5,11.1,1.11,0.509901951,,-4.4,-26.3,37.1,45.7,,190,1,37.1,18
191,0.1,-0.9,0.4,10,1,0.412310563,,4.7,-13.7,23.9,28,,191,0.9,23.9,-12
192,0.2,-0.8,0.4,9.6,0.96,0.447213595,,9.2,8,4.3,12.9,,192,0.8,4.3,-42
193,0.2,-0.8,0.4,9.3,0.93,0.447213595,,10.5,56.2,-21.7,61.1,,193,0.8,-21.7,-42
194,0.3,-1.1,0.3,11.7,1.17,0.424264069,,16.6,58.3,-55.5,82.2,,194,1.1,-55.5,48
195,0.2,-1.1,0.3,12.1,1.21,0.360555128,,30.5,62,-92,115.1,,195,1.1,-92,48
196,0.2,-1.1,0.3,11.3,1.13,0.360555128,,36,18,-91.3,99.7,,196,1.1,-91.3,48
197,0.1,-1,0.4,10.8,1.08,0.412310563,,39.7,14.8,-86.7,96.5,,197,1,-86.7,18
198,0.2,-0.9,0.3,9.5,0.95,0.360555128,,22.7,-6.9,-51.2,56.4,,198,0.9,-51.2,-12
199,0.2,-0.8,0.3,9,0.9,0.360555128,,-0.3,6.6,-3.1,7.2,,199,0.8,-3.1,-42
200,0.2,-0.9,0.3,9.4,0.94,0.360555128,,-21.6,2,44.3,49.3,,200,0.9,44.3,-12
201,0.2,-0.9,0.3,9.6,0.96,0.360555128,,-42.1,-21.1,85.7,97.8,,201,0.9,85.7,-12
202,0.2,-1.1,0.3,11.6,1.16,0.360555128,,-39.4,-45.6,87.2,106,,202,1.1,87.2,48
203,0.2,-1.1,0.4,11.7,1.17,0.447213595,,-37.9,-54.3,77.8,102.2,,203,1.1,77.8,48
204,0.2,-1,0.5,11.6,1.16,0.538516481,,-15.4,-49.6,54.8,75.5,,204,1,54.8,18
205,0.1,-1,0.5,10.7,1.07,0.509901951,,9.8,-42.4,29.5,52.6,,205,1,29.5,18
206,0.1,-0.9,0.4,10.3,1.03,0.412310563,,15.4,-12.2,6.2,20.6,,206,0.9,6.2,-12
207,0.2,-0.8,0.4,9.5,0.95,0.447213595,,3.7,32.5,-16.8,36.7,,207,0.8,-16.8,-42
208,0.2,-0.9,0.5,9.9,0.99,0.538516481,,5.6,124.9,-57,137.4,,208,0.9,-57,-12
209,0.2,-0.8,0.5,9.4,0.94,0.538516481,,22.2,92.8,-55.8,110.5,,209,0.8,-55.8,-42
210,0.2,-1.1,0.4,11.7,1.17,0.447213595,,34.5,48.8,-38.4,71,,210,1.1,-38.4,48
211,0.2,-1.1,0.4,11.6,1.16,0.447213595,,35.6,-5.4,-51.1,62.5,,211,1.1,-51.1,48
212,0.2,-1,0.4,10.7,1.07,0.447213595,,29.1,44,-60.5,80.3,,212,1,-60.5,18
213,0.1,-0.9,0.3,10,1,0.316227766,,17.8,15,-37.4,44.1,,213,0.9,-37.4,-12
214,0.1,-0.9,0.3,9.8,0.98,0.316227766,,-5.2,9.1,-9.8,14.4,,214,0.9,-9.8,-12
215,0.1,-0.9,0.3,9.4,0.94,0.316227766,,-20.6,-10.2,14.5,27.2,,215,0.9,14.5,-12
216,0.1,-0.9,0.3,10.1,1.01,0.316227766,,-33,-22.1,40.1,56.4,,216,0.9,40.1,-12
217,0.1,-1,0.3,10.2,1.02,0.316227766,,-35.1,-63.3,62.6,95.6,,217,1,62.6,18
218,0.2,-1,0.4,11.2,1.12,0.447213595,,-18.5,-75.3,58.1,96.9,,218,1,58.1,18
219,0.2,-1,0.5,11.8,1.18,0.538516481,,-11.9,-81.4,55.8,99.4,,219,1,55.8,18
220,0.2,-0.9,0.5,10.5,1.05,0.538516481,,-3.4,-47.1,42.9,63.8,,220,0.9,42.9,-12
221,0.2,-0.9,0.4,10.2,1.02,0.447213595,,-2.6,-27.9,27.7,39.4,,221,0.9,27.7,-12
222,0.2,-0.9,0.5,10.6,1.06,0.538516481,,-3.6,9.1,4.4,10.8,,222,0.9,4.4,-12
223,0.1,-0.9,0.5,10.4,1.04,0.509901951,,6.7,9,-17.7,21,,223,0.9,-17.7,-12
224,0.2,-0.9,0.5,10.3,1.03,0.538516481,,8.2,35.5,-36,51.2,,224,0.9,-36,-12
225,0.2,-0.9,0.5,10.7,1.07,0.538516481,,10.5,75.1,-51.2,91.5,,225,0.9,-51.2,-12
226,0.2,-1.1,0.4,12,1.2,0.447213595,,21.6,93.1,-71.7,119.4,,226,1.1,-71.7,48
227,0.2,-1,0.4,10.8,1.08,0.447213595,,33.8,22.5,-78.4,88.3,,227,1,-78.4,18
228,0.2,-0.9,0.4,10.1,1.01,0.447213595,,25.6,-5.6,-54.2,60.2,,228,0.9,-54.2,-12
229,0.2,-0.9,0.4,9.8,0.98,0.447213595,,15.5,-17.2,-33.4,40.7,,229,0.9,-33.4,-12
230,0.2,-0.8,0.4,9.2,0.92,0.447213595,,-6.8,-2.9,3.3,8.1,,230,0.8,3.3,-42
231,0.2,-0.9,0.3,9.5,0.95,0.360555128,,-29.2,-1.1,40.9,50.2,,231,0.9,40.9,-12
232,0.2,-0.9,0.3,10.2,1.02,0.360555128,,-39.3,-16.5,65.2,77.9,,232,0.9,65.2,-12
233,0.1,-1.1,0.4,11.4,1.14,0.412310563,,-42.3,-61.6,84.3,112.7,,233,1.1,84.3,48
234,0.3,-1,0.4,11.1,1.11,0.5,,-22.9,-69.1,52.7,89.9,,234,1,52.7,18
235,0.3,-1.1,0.5,11.9,1.19,0.583095189,,0,-51.1,16.8,53.7,,235,1.1,16.8,48
236,0.2,-0.8,0.4,9.8,0.98,0.447213595,,3.7,-51.3,17.7,54.4,,236,0.8,17.7,-42
237,0.2,-0.9,0.5,9.9,0.99,0.538516481,,-7.6,-19.7,30,36.7,,237,0.9,30,-12
238,0.2,-1,0.5,10.8,1.08,0.538516481,,-7.7,15.3,18.8,25.4,,238,1,18.8,18
239,0.2,-0.9,0.5,10.6,1.06,0.538516481,,1.5,27.9,-7.7,29,,239,0.9,-7.7,-12
240,0.2,-0.9,0.5,10.1,1.01,0.538516481,,4.7,53.3,-27.7,60.2,,240,0.9,-27.7,-12
241,0.2,-0.9,0.5,10.3,1.03,0.538516481,,13,77.1,-31.9,84.5,,241,0.9,-31.9,-12
242,0.2,-1.1,0.4,12.3,1.23,0.447213595,,37.1,88.6,-52.1,109.2,,242,1.1,-52.1,48
243,0.2,-1.1,0.3,11.6,1.16,0.360555128,,46.7,39.2,-68.7,91.9,,243,1.1,-68.7,48
244,0.1,-0.9,0.4,10,1,0.412310563,,45.9,2.8,-54.4,71.3,,244,0.9,-54.4,-12
245,0.2,-0.9,0.4,9.9,0.99,0.447213595,,22.2,-51.1,-16.1,58,,245,0.9,-16.1,-12
246,0.2,-0.9,0.4,9.7,0.97,0.447213595,,-8.2,13.4,-3.5,16.1,,246,0.9,-3.5,-12
247,0.2,-0.9,0.4,9.6,0.96,0.447213595,,-31.5,32.1,10.7,46.2,,247,0.9,10.7,-12
248,0.1,-0.9,0.3,9.6,0.96,0.316227766,,-42.2,20.4,27.6,54.4,,248,0.9,27.6,-12
249,0.1,-1,0.4,11.1,1.11,0.412310563,,-41.2,-29.7,55.1,74.9,,249,1,55.1,18
250,0.2,-1,0.4,10.5,1.05,0.447213595,,-31.1,-96.7,55.7,115.8,,250,1,55.7,18
251,0.2,-1,0.4,11.3,1.13,0.447213595,,-12.1,-77.2,46.8,91.1,,251,1,46.8,18
252,0.2,-1,0.5,10.9,1.09,0.538516481,,-3.5,-72.1,32.7,79.3,,252,1,32.7,18
253,0.2,-0.9,0.4,10.1,1.01,0.447213595,,4.4,-67.8,8.9,68.5,,253,0.9,8.9,-12
254,0.1,-0.9,0.5,9.9,0.99,0.509901951,,2.3,-36.9,10.4,38.4,,254,0.9,10.4,-12
255,0.2,-0.9,0.5,10.6,1.06,0.538516481,,5.1,9.4,0.6,10.7,,255,0.9,0.6,-12
256,0.3,-0.8,0.5,9.9,0.99,0.583095189,,0.7,35.8,-7.8,36.6,,256,0.8,-7.8,-42
257,0.3,-0.9,0.4,10.6,1.06,0.5,,-6.6,57.4,-23.9,62.5,,257,0.9,-23.9,-12
258,0.3,-1,0.4,10.9,1.09,0.5,,14.1,69.5,-54.6,89.5,,258,1,-54.6,18
259,0.3,-1.1,0.4,12,1.2,0.5,,25.3,59.9,-70.8,96.1,,259,1.1,-70.8,48
260,0.2,-1,0.3,10.6,1.06,0.360555128,,27.8,47.8,-78.7,96.2,,260,1,-78.7,18
261,0.2,-0.9,0.3,10.1,1.01,0.360555128,,17.7,30.6,-50.7,61.8,,261,0.9,-50.7,-12
262,0.2,-0.9,0.3,9.6,0.96,0.360555128,,5.7,4.2,-26.9,27.8,,262,0.9,-26.9,-12
263,0.2,-0.9,0.3,9.5,0.95,0.360555128,,-13.8,-6.3,9.7,18,,263,0.9,9.7,-12
264,0.2,-0.9,0.4,10.1,1.01,0.447213595,,-30.6,-1,43,52.8,,264,0.9,43,-12
265,0.2,-1,0.3,10.3,1.03,0.360555128,,-38.2,-15.7,57.5,70.8,,265,1,57.5,18
266,0.2,-1.1,0.3,11.4,1.14,0.360555128,,-32.2,-28.7,64.8,77.8,,266,1.1,64.8,48
267,0.2,-0.9,0.4,10,1,0.447213595,,-13.8,-103.7,55,118.2,,267,0.9,55,-12
268,0.2,-1,0.4,11,1.1,0.447213595,,-2,-46.3,46.8,65.9,,268,1,46.8,18
269,0.2,-1,0.4,10.7,1.07,0.447213595,,-1.7,-53.1,35.1,63.7,,269,1,35.1,18
270,0.2,-0.9,0.4,9.9,0.99,0.447213595,,-8.1,-18.2,17.9,26.8,,270,0.9,17.9,-12
271,0.2,-0.9,0.5,10.5,1.05,0.538516481,,-7.8,6.1,-2.7,10.2,,271,0.9,-2.7,-12
272,0.2,-0.9,0.5,10.5,1.05,0.538516481,,4,26.6,-28.5,39.2,,272,0.9,-28.5,-12
273,0.2,-0.9,0.5,10.8,1.08,0.538516481,,11.8,42.7,-49.7,66.6,,273,0.9,-49.7,-12
274,0.3,-1.1,0.5,12.1,1.21,0.583095189,,20.7,80,-68.1,107.1,,274,1.1,-68.1,48
275,0.2,-1.1,0.4,12.1,1.21,0.447213595,,39.8,61.1,-80.2,108.4,,275,1.1,-80.2,48
276,0.2,-0.9,0.3,10.1,1.01,0.360555128,,40.3,18,-87.2,97.8,,276,0.9,-87.2,-12
277,0.2,-0.9,0.4,9.9,0.99,0.447213595,,20.5,17.9,-48.6,55.7,,277,0.9,-48.6,-12
278,0.2,-0.8,0.4,8.8,0.88,0.447213595,,3,-18.3,-17.6,25.6,,278,0.8,-17.6,-42
279,0.3,-0.8,0.4,9.5,0.95,0.5,,-22.1,-8.6,28.3,36.9,,279,0.8,28.3,-42
280,0.3,-0.9,0.4,10.3,1.03,0.5,,-36.3,-8.8,57.1,68.3,,280,0.9,57.1,-12
281,0.3,-1,0.4,10.8,1.08,0.5,,-38,-12,66.5,77.6,,281,1,66.5,18
282,0.2,-0.9,0.4,10.2,1.02,0.447213595,,-38.9,-58,77.2,104.1,,282,0.9,77.2,-12
283,0.2,-0.9,0.4,10.3,1.03,0.447213595,,-23.9,-43.3,61.4,78.8,,283,0.9,61.4,-12
284,0.2,-1.1,0.4,11.8,1.18,0.447213595,,-15.7,-60.5,51.1,80.7,,284,1.1,51.1,48
285,0.2,-0.9,0.4,10.2,1.02,0.447213595,,-11.8,-50.1,36,62.8,,285,0.9,36,-12
286,0.1,-0.9,0.5,10.1,1.01,0.509901951,,-4.3,-12.5,19.3,23.4,,286,0.9,19.3,-12
287,0.2,-0.9,0.4,10.2,1.02,0.447213595,,3.8,22.1,-9,24.1,,287,0.9,-9,-12
288,0.1,-0.9,0.4,10,1,0.412310563,,15.3,20.7,-29.6,39.3,,288,0.9,-29.6,-12
289,0.2,-1,0.4,10.5,1.05,0.447213595,,12.8,49.6,-44.8,68,,289,1,-44.8,18
290,0.2,-1,0.3,10.5,1.05,0.360555128,,29.9,57.9,-65.3,92.3,,290,1,-65.3,18
291,0.1,-1.1,0.3,11.5,1.15,0.316227766,,39,41.5,-76.4,95.3,,291,1.1,-76.4,48
292,0.2,-1,0.3,11.2,1.12,0.360555128,,32.7,29.9,-76.6,88.5,,292,1,-76.6,18
293,0.2,-0.8,0.3,9.1,0.91,0.360555128,,14.8,-5.6,-47,49.6,,293,0.8,-47,-42
294,0.2,-0.8,0.4,9.3,0.93,0.447213595,,-10.7,7.3,-1.6,13.1,,294,0.8,-1.6,-42
295,0.2,-0.9,0.3,9.5,0.95,0.360555128,,-34.4,3.7,38.9,52.1,,295,0.9,38.9,-12
296,0.2,-1,0.3,10.5,1.05,0.360555128,,-43.3,-5.4,55.2,70.3,,296,1,55.2,18
297,0.2,-1.2,0.4,12.7,1.27,0.447213595,,-39.8,-27.1,66.3,81.9,,297,1.2,66.3,78
298,0.2,-0.9,0.3,9.9,0.99,0.360555128,,-22.7,-72.4,48.1,89.8,,298,0.9,48.1,-12
299,0.1,-1.1,0.3,11.1,1.11,0.316227766,,-20.9,-34.9,57.3,70.3,,299,1.1,57.3,48
300,0.1,-1,0.4,10.6,1.06,0.412310563,,-12.1,-63.1,49.6,81.1,,300,1,49.6,18
301,0.2,-0.9,0.5,10.4,1.04,0.538516481,,-2.9,-27.2,24.1,36.4,,301,0.9,24.1,-12
302,0.1,-0.9,0.4,10.5,1.05,0.412310563,,7,15.6,-8.6,19.1,,302,0.9,-8.6,-12
303,0.1,-0.9,0.4,10.1,1.01,0.412310563,,14.5,23.8,-33,43.2,,303,0.9,-33,-12
304,0.2,-0.9,0.4,9.8,0.98,0.447213595,,11.7,16,-43.2,47.6,,304,0.9,-43.2,-12
305,0.2,-1,0.4,10.4,1.04,0.447213595,,12.1,64.2,-46.2,80,,305,1,-46.2,18
306,0.2,-1.1,0.3,11.4,1.14,0.360555128,,33.2,37.6,-70.5,86.5,,306,1.1,-70.5,48
307,0.2,-1.1,0.3,11.2,1.12,0.360555128,,32.1,50.5,-80.8,100.5,,307,1.1,-80.8,48
308,0.2,-0.9,0.3,9.8,0.98,0.360555128,,15.1,14,-50.2,54.3,,308,0.9,-50.2,-12
309,0.2,-0.8,0.3,9.2,0.92,0.360555128,,-7.8,8.6,-16.7,20.3,,309,0.8,-16.7,-42
310,0.2,-0.9,0.3,10.2,1.02,0.360555128,,-24.6,1.6,22.8,33.6,,310,0.9,22.8,-12
311,0.2,-0.9,0.3,10.3,1.03,0.360555128,,-30.9,-15.8,46.5,58,,311,0.9,46.5,-12
312,0.2,-1,0.4,11.2,1.12,0.447213595,,-28.5,-1.9,54.8,61.8,,312,1,54.8,18
313,0.2,-1,0.4,10.4,1.04,0.447213595,,-21.8,-48.2,56.5,77.4,,313,1,56.5,18
314,0.2,-0.9,0.4,9.7,0.97,0.447213595,,-10.4,-6.2,42.2,43.9,,314,0.9,42.2,-12
315,0.1,-1,0.4,11.2,1.12,0.412310563,,-1,-52.8,44.8,69.2,,315,1,44.8,18
316,0.1,-1,0.4,10.7,1.07,0.412310563,,-0.2,-68.9,36.1,77.8,,316,1,36.1,18
317,0.1,-0.9,0.4,10.1,1.01,0.412310563,,-6.8,-21.4,19.7,29.8,,317,0.9,19.7,-12
318,0.1,-0.9,0.4,10,1,0.412310563,,-6.1,20,2,21,,318,0.9,2,-12
319,0.1,-0.9,0.4,9.6,0.96,0.412310563,,3.6,21.4,-16.6,27.3,,319,0.9,-16.6,-12
320,0.2,-0.9,0.4,9.8,0.98,0.447213595,,0.4,34,-20.8,39.9,,320,0.9,-20.8,-12
321,0.2,-1.1,0.4,12.2,1.22,0.447213595,,7.7,69.1,-36.5,78.5,,321,1.1,-36.5,48
322,0.2,-1.1,0.4,12.3,1.23,0.447213595,,48.9,28.1,-78.1,96.3,,322,1.1,-78.1,48
323,0.1,-1,0.3,10.4,1.04,0.316227766,,63.1,8,-98.2,117,,323,1,-98.2,18
324,0.1,-1,0.4,10.9,1.09,0.412310563,,45.7,38.6,-73.5,94.8,,324,1,-73.5,18
325,0.1,-0.8,0.4,8.6,0.86,0.412310563,,14.6,-9,-28.6,33.3,,325,0.8,-28.6,-42
326,0.2,-0.8,0.4,8.9,0.89,0.447213595,,-14.3,6.2,3.9,16.1,,326,0.8,3.9,-42
327,0.2,-0.9,0.4,10,1,0.447213595,,-37.6,5.6,48.6,61.6,,327,0.9,48.6,-12
328,0.2,-0.9,0.4,10.4,1.04,0.447213595,,-36.4,-17.9,61,73.3,,328,0.9,61,-12
329,0.2,-1.1,0.5,12.2,1.22,0.538516481,,-38.5,-34.3,83.9,98.5,,329,1.1,83.9,48
330,0.3,-0.9,0.4,10.5,1.05,0.5,,-22.9,-96.5,76.1,125,,330,0.9,76.1,-12
331,0.2,-1.1,0.5,11.7,1.17,0.538516481,,-10,-58.3,72.1,93.3,,331,1.1,72.1,48
332,0.1,-1,0.5,10.6,1.06,0.509901951,,4.8,-87.5,50.2,101,,332,1,50.2,18
333,0.1,-0.9,0.5,10,1,0.509901951,,3.7,-36.3,32.6,48.9,,333,0.9,32.6,-12
334,0.1,-0.9,0.5,9.9,0.99,0.509901951,,9.6,-25.7,9.7,29.1,,334,0.9,9.7,-12
335,0.1,-0.9,0.5,9.8,0.98,0.509901951,,5.4,-13.1,-15.7,21.1,,335,0.9,-15.7,-12
336,0.1,-0.9,0.5,9.8,0.98,0.509901951,,5.5,6.9,-35.5,36.6,,336,0.9,-35.5,-12
337,0.1,-0.9,0.5,10.4,1.04,0.509901951,,9.8,20.1,-46.1,51.3,,337,0.9,-46.1,-12
338,0.1,-0.9,0.5,10.7,1.07,0.509901951,,6.6,32.6,-41,52.8,,338,0.9,-41,-12
339,0.1,-1,0.5,10.8,1.08,0.509901951,,25.5,31,-41.7,57.9,,339,1,-41.7,18
340,0.1,-0.8,0.4,9.5,0.95,0.412310563,,11.6,-39.7,-24.6,48.1,,340,0.8,-24.6,-42
341,0.1,-0.9,0.5,9.9,0.99,0.509901951,,-13.1,8,9,17.8,,341,0.9,9,-12
342,0.2,-0.9,0.5,10.5,1.05,0.538516481,,-13.9,-14.1,21.3,29.1,,342,0.9,21.3,-12
343,0.3,-0.9,0.5,10.6,1.06,0.583095189,,-9.6,-29.6,18.4,36.1,,343,0.9,18.4,-12
344,0.2,-0.9,0.5,10.5,1.05,0.538516481,,-7.2,-20.8,13.6,25.9,,344,0.9,13.6,-12
345,0.2,-0.9,0.5,10.5,1.05,0.538516481,,-1.1,-21.5,8.3,23.1,,345,0.9,8.3,-12
346,0.2,-0.9,0.5,10.3,1.03,0.538516481,,3.1,-21.2,4.4,21.9,,346,0.9,4.4,-12
347,0.2,-0.9,0.5,10.2,1.02,0.538516481,,0.6,-12.4,5.8,13.7,,347,0.9,5.8,-12
348,0.2,-0.9,0.5,10.4,1.04,0.538516481,,0.7,-8.4,6.2,10.5,,348,0.9,6.2,-12
349,0.3,-0.9,0.5,10.2,1.02,0.583095189,,-0.9,-8.2,3.7,9,,349,0.9,3.7,-12
350,0.2,-0.9,0.5,10.3,1.03,0.538516481,,-3.1,-3.6,3.6,5.9,,350,0.9,3.6,-12
351,0.2,-0.9,0.5,10.3,1.03,0.538516481,,-5.2,2.2,1.2,5.8,,351,0.9,1.2,-12
352,0.2,-0.9,0.5,10.4,1.04,0.538516481,,-4.2,2.1,2.6,5.4,,352,0.9,2.6,-12
353,0.2,-0.9,0.4,10.2,1.02,0.447213595,,-2.3,-2.4,3.2,4.6,,353,0.9,3.2,-12
354,0.2,-0.9,0.4,10.2,1.02,0.447213595,,-4.2,-2.5,3.4,5.9,,354,0.9,3.4,-12
355,0.2,-0.9,0.4,10.2,1.02,0.447213595,,-4.1,-1.4,1.9,4.7,,355,0.9,1.9,-12
356,0.2,-0.9,0.4,10.3,1.03,0.447213595,,-2.8,-2.3,-0.4,3.7,,356,0.9,-0.4,-12
357,0.2,-0.9,0.4,10.3,1.03,0.447213595,,-3.6,-0.2,-0.1,3.6,,357,0.9,-0.1,-12
358,0.2,-0.9,0.4,10.3,1.03,0.447213595,,-3.9,0,0.2,3.9,,358,0.9,0.2,-12
359,0.2,-0.9,0.4,10.2,1.02,0.447213595,,-4,-0.9,1.2,4.3,,359,0.9,1.2,-12
360,0.2,-0.9,0.4,10.3,1.03,0.447213595,,-2.2,-0.4,0.3,2.3,,360,0.9,0.3,-12
361,0.2,-0.9,0.4,10.3,1.03,0.447213595,,-0.4,-1.7,0.7,1.9,,361,0.9,0.7,-12
362,0.2,-0.9,0.4,10.3,1.03,0.447213595,,-0.5,-1.3,1.5,2,,362,0.9,1.5,-12
363,0.2,-0.9,0.4,10.3,1.03,0.447213595,,-0.8,-2,1.3,2.5,,363,0.9,1.3,-12
364,0.2,-0.9,0.4,10.3,1.03,0.447213595,,-0.8,-1.9,1.5,2.6,,364,0.9,1.5,-12
365,0.2,-0.9,0.4,10.3,1.03,0.447213595,,-0.2,-2.4,1.1,2.7,,365,0.9,1.1,-12
366,0.2,-0.9,0.4,10.3,1.03,0.447213595,,-0.5,-0.7,1.5,1.7,,366,0.9,1.5,-12
367,0.2,-0.9,0.4,10.3,1.03,0.447213595,,-0.3,0.1,0.6,0.7,,367,0.9,0.6,-12
368,0.2,-0.9,0.4,10.3,1.03,0.447213595,,-1,0.2,0.3,1,,368,0.9,0.3,-12
369,0.2,-0.9,0.4,10.2,1.02,0.447213595,,-1.8,0.7,0.2,2,,369,0.9,0.2,-12
370,0.2,-0.9,0.4,10.4,1.04,0.447213595,,-2.4,1.7,-0.3,2.9,,370,0.9,-0.3,-12
371,0.2,-0.9,0.4,10.3,1.03,0.447213595,,-2.3,1.7,0.5,2.9,,371,0.9,0.5,-12
372,0.2,-0.9,0.4,10.3,1.03,0.447213595,,-2.3,1.4,-0.3,2.8,,372,0.9,-0.3,-12
373,0.2,-0.9,0.4,10.2,1.02,0.447213595,,-2.9,1.9,0.2,3.5,,373,0.9,0.2,-12
374,0.2,-0.9,0.4,10.2,1.02,0.447213595,,-3.3,1.5,-0.6,3.7,,374,0.9,-0.6,-12
375,0.2,-0.9,0.4,10.4,1.04,0.447213595,,-2.8,0.3,-0.5,2.9,,375,0.9,-0.5,-12
376,0.2,-0.9,0.4,10.3,1.03,0.447213595,,-2.1,0.1,0,2.1,,376,0.9,0,-12
377,0.2,-0.9,0.4,10.3,1.03,0.447213595,,-2.2,1,0.1,2.4,,377,0.9,0.1,-12
378,0.2,-0.9,0.4,10.3,1.03,0.447213595,,-2.1,0.9,-0.6,2.4,,378,0.9,-0.6,-12
379,0.2,-0.9,0.4,10.4,1.04,0.447213595,,-1.3,0.9,-0.3,1.6,,379,0.9,-0.3,-12
380,0.2,-0.9,0.4,10.2,1.02,0.447213595,,-1.8,2.2,-0.6,2.9,,380,0.9,-0.6,-12
381,0.2,-0.9,0.4,10.2,1.02,0.447213595,,-2.1,2.7,-0.9,3.5,,381,0.9,-0.9,-12
